{
  "project_info": {
    "project_number": "964866872592",
    "project_id": "dmans-bb7c8",
    "storage_bucket": "dmans-bb7c8.appspot.com"
  },
  "client": [
    {
      "client_info": {
        "mobilesdk_app_id": "1:964866872592:android:2d34e14282b3eaa3670195",
        "android_client_info": {
          "package_name": "com.example.d_man_admin"
        }
      },
      "oauth_client": [
        {
          "client_id": "964866872592-j3f3bi9633shfi4blcshuda9597vtktl.apps.googleusercontent.com",
          "client_type": 3
        }
      ],
      "api_key": [
        {
          "current_key": "AIzaSyAh8m2qDWsF5FrGmAL9gIPDp37owGILQ1U"
        }
      ],
      "services": {
        "appinvite_service": {
          "other_platform_oauth_client": [
            {
              "client_id": "964866872592-j3f3bi9633shfi4blcshuda9597vtktl.apps.googleusercontent.com",
              "client_type": 3
            },
            {
              "client_id": "964866872592-gq3kg9mj0pf1u2l0j1f1ohpp09e4dme6.apps.googleusercontent.com",
              "client_type": 2,
              "ios_info": {
                "bundle_id": "com.example.dManAdmin"
              }
            }
          ]
        }
      }
    },
    {
      "client_info": {
        "mobilesdk_app_id": "1:964866872592:android:4ce7db34bb6f8df3670195",
        "android_client_info": {
          "package_name": "com.example.d_mans"
        }
      },
      "oauth_client": [
        {
          "client_id": "964866872592-2rv952377e3itkg44vjh9juk2d76h2ft.apps.googleusercontent.com",
          "client_type": 1,
          "android_info": {
            "package_name": "com.example.d_mans",
            "certificate_hash": "d032a8260e33ba4be50791313c00d31bbdfe96a4"
          }
        },
        {
          "client_id": "964866872592-j3f3bi9633shfi4blcshuda9597vtktl.apps.googleusercontent.com",
          "client_type": 3
        }
      ],
      "api_key": [
        {
          "current_key": "AIzaSyAh8m2qDWsF5FrGmAL9gIPDp37owGILQ1U"
        }
      ],
      "services": {
        "appinvite_service": {
          "other_platform_oauth_client": [
            {
              "client_id": "964866872592-j3f3bi9633shfi4blcshuda9597vtktl.apps.googleusercontent.com",
              "client_type": 3
            },
            {
              "client_id": "964866872592-gq3kg9mj0pf1u2l0j1f1ohpp09e4dme6.apps.googleusercontent.com",
              "client_type": 2,
              "ios_info": {
                "bundle_id": "com.example.dManAdmin"
              }
            }
          ]
        }
      }
    }
  ],
  "configuration_version": "1"
}